Timestamp,SourceExecutionId,ClusteringId,K,Kappa,DistanceMetric,SilhouetteIndex
Mon Nov 29 11:49:32 MST 2021,1d2923ae-5ae2-40cc-88ef-a5d3d5c0ae31,77a5cba5-11f3-4c4d-bfa7-e3569a236b79,2,5,net.sf.javaml.distance.CosineDistance,0.567660314262299
Tue Nov 30 08:28:25 MST 2021,d9729ac3-e36b-490a-81cc-55bc7d84f0b1,afdbb924-1025-46e2-b9f2-6a2400bb6fab,3,10,net.sf.javaml.distance.CosineDistance,0.534655854199674
Tue Nov 30 08:29:08 MST 2021,d9729ac3-e36b-490a-81cc-55bc7d84f0b1,e3c65dc5-87d9-458b-a2bf-8c8fb8cc6b6a,7,20,net.sf.javaml.distance.CosineDistance,0.517245307706726
Sun Nov 28 18:30:15 MST 2021,cfab4fce-9648-4747-92a3-c61e77eaad35,9fb4c38b-f7ea-4880-b699-0293101a36d3,2,5,net.sf.javaml.distance.CosineDistance,0.50983679058047
Tue Nov 30 08:29:09 MST 2021,d9729ac3-e36b-490a-81cc-55bc7d84f0b1,296f71b9-2344-4742-a38d-5876e106c81c,6,20,net.sf.javaml.distance.CosineDistance,0.503794517285624
Tue Nov 30 08:29:10 MST 2021,d9729ac3-e36b-490a-81cc-55bc7d84f0b1,d91e8870-3ce5-477c-8ee6-b975efc25474,4,20,net.sf.javaml.distance.CosineDistance,0.501598957834749
Mon Nov 29 12:58:00 MST 2021,1d2923ae-5ae2-40cc-88ef-a5d3d5c0ae31,b75b8c30-ad05-4e82-a135-9f9a843a7b66,2,10,net.sf.javaml.distance.CosineDistance,0.496103439983149
Tue Nov 30 08:28:02 MST 2021,d9729ac3-e36b-490a-81cc-55bc7d84f0b1,327ec0bf-6447-4784-a32a-15dac8b4d9cc,5,5,net.sf.javaml.distance.CosineDistance,0.474636205620689
Tue Nov 30 08:28:03 MST 2021,d9729ac3-e36b-490a-81cc-55bc7d84f0b1,ecf688a2-ccd7-4684-82e4-453d87789be1,3,5,net.sf.javaml.distance.CosineDistance,0.473675082690425
Tue Nov 30 08:28:01 MST 2021,d9729ac3-e36b-490a-81cc-55bc7d84f0b1,294d4cd5-ef71-4439-9f25-a65ffe36c9a7,6,5,net.sf.javaml.distance.CosineDistance,0.471120267640941
Tue Nov 30 08:28:25 MST 2021,d9729ac3-e36b-490a-81cc-55bc7d84f0b1,945a6181-1b74-4e76-9f5e-28a3dd420aba,4,10,net.sf.javaml.distance.CosineDistance,0.471091621641257
Tue Nov 30 08:29:07 MST 2021,d9729ac3-e36b-490a-81cc-55bc7d84f0b1,3f199b64-35de-474e-9f2d-17938599f3d1,9,20,net.sf.javaml.distance.CosineDistance,0.466311439374142
Tue Nov 30 08:29:10 MST 2021,d9729ac3-e36b-490a-81cc-55bc7d84f0b1,19139300-203b-48c2-81cc-ff8f0b635c77,3,20,net.sf.javaml.distance.CosineDistance,0.465016230226961
Tue Nov 30 08:28:02 MST 2021,d9729ac3-e36b-490a-81cc-55bc7d84f0b1,bd28d23f-e0a8-430f-a234-1d1e8618f53b,4,5,net.sf.javaml.distance.CosineDistance,0.45708384397182
Tue Nov 30 08:28:24 MST 2021,d9729ac3-e36b-490a-81cc-55bc7d84f0b1,580bff49-8530-4c29-b5d0-a3eb2e75a33c,5,10,net.sf.javaml.distance.CosineDistance,0.453064952103312
Tue Nov 30 08:29:08 MST 2021,d9729ac3-e36b-490a-81cc-55bc7d84f0b1,26ec4a14-9161-4d98-8998-81f544722eda,8,20,net.sf.javaml.distance.CosineDistance,0.453002182323876
Tue Nov 30 08:28:44 MST 2021,d9729ac3-e36b-490a-81cc-55bc7d84f0b1,6c6970a5-f9eb-4553-9b1a-0f122abc4591,5,1,net.sf.javaml.distance.CosineDistance,0.450087374960374
Tue Nov 30 08:28:44 MST 2021,d9729ac3-e36b-490a-81cc-55bc7d84f0b1,51a12063-ffe2-48b8-b9fe-d6122a9899ce,6,1,net.sf.javaml.distance.CosineDistance,0.442432942551449
Tue Nov 30 08:29:09 MST 2021,d9729ac3-e36b-490a-81cc-55bc7d84f0b1,7dadc386-a1d7-4bb5-8984-db742e7a1352,5,20,net.sf.javaml.distance.CosineDistance,0.440165853434959
Tue Nov 30 08:28:43 MST 2021,d9729ac3-e36b-490a-81cc-55bc7d84f0b1,3b7fe240-5de6-485d-8e44-73922aa4cac6,7,1,net.sf.javaml.distance.CosineDistance,0.433905901092005
Tue Nov 30 08:28:01 MST 2021,d9729ac3-e36b-490a-81cc-55bc7d84f0b1,24e829df-2a22-4db6-93f0-c3ebe3d890c3,7,5,net.sf.javaml.distance.CosineDistance,0.433156635558784
Tue Nov 30 08:28:42 MST 2021,d9729ac3-e36b-490a-81cc-55bc7d84f0b1,7d6d9c15-5a14-4a13-a699-6a815cc8318d,10,1,net.sf.javaml.distance.CosineDistance,0.432568725884845
Tue Nov 30 08:28:22 MST 2021,d9729ac3-e36b-490a-81cc-55bc7d84f0b1,7b8ea3ef-d429-403b-bc75-09401e87c046,9,10,net.sf.javaml.distance.CosineDistance,0.428985626849371
Tue Nov 30 08:28:43 MST 2021,d9729ac3-e36b-490a-81cc-55bc7d84f0b1,e22f8b01-ddd3-429f-8f98-a6ded709b645,8,1,net.sf.javaml.distance.CosineDistance,0.421212156393538
Tue Nov 30 08:29:05 MST 2021,d9729ac3-e36b-490a-81cc-55bc7d84f0b1,fd308621-66d6-4241-84f5-5cf7c4036b31,14,20,net.sf.javaml.distance.CosineDistance,0.418766495830222
Tue Nov 30 08:28:45 MST 2021,d9729ac3-e36b-490a-81cc-55bc7d84f0b1,f3d0a6de-aa59-4b04-9b3d-b2e3b0e81008,4,1,net.sf.javaml.distance.CosineDistance,0.418637143981637
Tue Nov 30 08:28:23 MST 2021,d9729ac3-e36b-490a-81cc-55bc7d84f0b1,f6bff2e4-7d4c-41f3-8b8e-c8a7590d9724,7,10,net.sf.javaml.distance.CosineDistance,0.415969478848481
Tue Nov 30 08:28:43 MST 2021,d9729ac3-e36b-490a-81cc-55bc7d84f0b1,122176b7-44d3-4c80-94ab-57e1addc0bed,9,1,net.sf.javaml.distance.CosineDistance,0.414271617132323
Tue Nov 30 08:28:24 MST 2021,d9729ac3-e36b-490a-81cc-55bc7d84f0b1,e2a87ce2-d48a-483b-b47c-6afb9bfc326a,6,10,net.sf.javaml.distance.CosineDistance,0.411902547115042
Tue Nov 30 08:28:26 MST 2021,d9729ac3-e36b-490a-81cc-55bc7d84f0b1,84cc75af-a54f-4621-a46c-7f34db7f1abe,2,10,net.sf.javaml.distance.CosineDistance,0.41127529081775
Tue Nov 30 08:28:45 MST 2021,d9729ac3-e36b-490a-81cc-55bc7d84f0b1,c7ce3d40-c1c7-40d8-b85c-30e56df11901,3,1,net.sf.javaml.distance.CosineDistance,0.408679674323435
Tue Nov 30 08:28:40 MST 2021,d9729ac3-e36b-490a-81cc-55bc7d84f0b1,07db1e80-7ac0-429e-bc52-21ace7dd97a6,14,1,net.sf.javaml.distance.CosineDistance,0.402460819589715
Tue Nov 30 08:28:22 MST 2021,d9729ac3-e36b-490a-81cc-55bc7d84f0b1,f9450752-a3e2-488a-8944-a4ff625a0e54,10,10,net.sf.javaml.distance.CosineDistance,0.402429089935227
Tue Nov 30 08:29:05 MST 2021,d9729ac3-e36b-490a-81cc-55bc7d84f0b1,fd18e230-cc05-4371-8d75-a02e839bfd0d,15,20,net.sf.javaml.distance.CosineDistance,0.401861042633414
Tue Nov 30 08:28:41 MST 2021,d9729ac3-e36b-490a-81cc-55bc7d84f0b1,d37817e5-7294-4fc4-9e23-963bd9a1086d,13,1,net.sf.javaml.distance.CosineDistance,0.400667722731071
Tue Nov 30 08:29:11 MST 2021,d9729ac3-e36b-490a-81cc-55bc7d84f0b1,0c2bd56f-7f28-4660-ae8b-56679954a1d4,2,20,net.sf.javaml.distance.CosineDistance,0.399000951457986
Mon Nov 29 12:52:08 MST 2021,1d2923ae-5ae2-40cc-88ef-a5d3d5c0ae31,95561858-4a0e-49e7-9986-66ca5d46ea61,3,10,net.sf.javaml.distance.CosineDistance,0.398479470696336
Tue Nov 30 08:27:58 MST 2021,d9729ac3-e36b-490a-81cc-55bc7d84f0b1,bd8a7b51-0e00-4c94-bafd-d05426002c69,13,5,net.sf.javaml.distance.CosineDistance,0.39226895297677
Tue Nov 30 08:28:00 MST 2021,d9729ac3-e36b-490a-81cc-55bc7d84f0b1,d54cc20b-77af-4c14-b1b1-1c3e6198a9bf,9,5,net.sf.javaml.distance.CosineDistance,0.388369444295173
Tue Nov 30 08:28:23 MST 2021,d9729ac3-e36b-490a-81cc-55bc7d84f0b1,2abf5cd8-57a1-4b12-8ec3-833fac84e5d5,8,10,net.sf.javaml.distance.CosineDistance,0.387572369993795
Tue Nov 30 08:28:38 MST 2021,d9729ac3-e36b-490a-81cc-55bc7d84f0b1,640d8c15-c2d5-4b85-b0d9-df04aa8264b5,19,1,net.sf.javaml.distance.CosineDistance,0.387357540974094
Mon Nov 29 10:45:22 MST 2021,1d2923ae-5ae2-40cc-88ef-a5d3d5c0ae31,f4fd7e2f-156e-4a3e-b0e8-05b60dd24ac9,2,1,net.sf.javaml.distance.CosineDistance,0.385552287373006
Tue Nov 30 08:28:42 MST 2021,d9729ac3-e36b-490a-81cc-55bc7d84f0b1,a58f9ffc-727f-4492-85db-35f25dbf5f26,11,1,net.sf.javaml.distance.CosineDistance,0.38541270199702
Tue Nov 30 08:28:40 MST 2021,d9729ac3-e36b-490a-81cc-55bc7d84f0b1,b6c51759-d1e7-404f-a086-62495ed91d68,16,1,net.sf.javaml.distance.CosineDistance,0.382875111051624
Tue Nov 30 08:28:40 MST 2021,d9729ac3-e36b-490a-81cc-55bc7d84f0b1,db2b76f5-2e32-4caf-8e4f-277dbf8741e3,15,1,net.sf.javaml.distance.CosineDistance,0.38248988763575
Tue Nov 30 08:28:41 MST 2021,d9729ac3-e36b-490a-81cc-55bc7d84f0b1,324d46af-7ac8-4437-be68-2e177be36357,12,1,net.sf.javaml.distance.CosineDistance,0.377641998683217
Tue Nov 30 08:28:03 MST 2021,d9729ac3-e36b-490a-81cc-55bc7d84f0b1,b1aa5935-8c82-40ea-9d17-786713c0baba,2,5,net.sf.javaml.distance.CosineDistance,0.376026163429429
Tue Nov 30 08:28:39 MST 2021,d9729ac3-e36b-490a-81cc-55bc7d84f0b1,6de0a2ee-4ae9-4adf-91d7-b9ee5ce79c9a,17,1,net.sf.javaml.distance.CosineDistance,0.375309183169282
Tue Nov 30 08:27:57 MST 2021,d9729ac3-e36b-490a-81cc-55bc7d84f0b1,27685a47-93b0-423d-b785-1edbb1afa59c,16,5,net.sf.javaml.distance.CosineDistance,0.374788930377895
Tue Nov 30 08:29:06 MST 2021,d9729ac3-e36b-490a-81cc-55bc7d84f0b1,0e1fa57e-f288-453f-ac79-fef22441c33f,11,20,net.sf.javaml.distance.CosineDistance,0.372225657325387
Mon Nov 29 12:46:44 MST 2021,1d2923ae-5ae2-40cc-88ef-a5d3d5c0ae31,31671a00-bcf3-4c51-8eca-900f564bad61,4,10,net.sf.javaml.distance.CosineDistance,0.370961446476095
Tue Nov 30 08:29:06 MST 2021,d9729ac3-e36b-490a-81cc-55bc7d84f0b1,7eca24a0-2cd9-4380-91b2-d67345b90d62,13,20,net.sf.javaml.distance.CosineDistance,0.369721663943976
Tue Nov 30 08:27:59 MST 2021,d9729ac3-e36b-490a-81cc-55bc7d84f0b1,b95e353e-e533-471f-bd96-38c214b6fb9b,10,5,net.sf.javaml.distance.CosineDistance,0.367842004860481
Tue Nov 30 08:27:58 MST 2021,d9729ac3-e36b-490a-81cc-55bc7d84f0b1,9785e822-391e-43c2-8e76-229f3bbe2120,14,5,net.sf.javaml.distance.CosineDistance,0.366807621141737
Mon Nov 29 11:43:29 MST 2021,1d2923ae-5ae2-40cc-88ef-a5d3d5c0ae31,48d119b0-7efc-46a7-bf5a-752788b009db,3,5,net.sf.javaml.distance.CosineDistance,0.36242000436425
Tue Nov 30 08:28:39 MST 2021,d9729ac3-e36b-490a-81cc-55bc7d84f0b1,76d190cb-20aa-4908-8323-a020757bf9fb,18,1,net.sf.javaml.distance.CosineDistance,0.358300334219524
Tue Nov 30 08:28:21 MST 2021,d9729ac3-e36b-490a-81cc-55bc7d84f0b1,32cf63a5-ed5e-4087-9e35-c9c647ab3ea4,11,10,net.sf.javaml.distance.CosineDistance,0.357091346547426
Tue Nov 30 08:28:00 MST 2021,d9729ac3-e36b-490a-81cc-55bc7d84f0b1,76b8c0a1-d944-418c-84ae-e36f47c24b6e,8,5,net.sf.javaml.distance.CosineDistance,0.354747298004644
Tue Nov 30 08:29:06 MST 2021,d9729ac3-e36b-490a-81cc-55bc7d84f0b1,fbc06793-a58e-44b3-ac05-3a4ffd84108a,12,20,net.sf.javaml.distance.CosineDistance,0.353359037757208
Tue Nov 30 08:28:21 MST 2021,d9729ac3-e36b-490a-81cc-55bc7d84f0b1,1e6961d8-066e-4f61-86e4-b95d8837cd85,12,10,net.sf.javaml.distance.CosineDistance,0.349061686414281
Tue Nov 30 08:27:59 MST 2021,d9729ac3-e36b-490a-81cc-55bc7d84f0b1,5373ac30-2017-4064-b82a-eaee2e81007c,11,5,net.sf.javaml.distance.CosineDistance,0.348891532249737
Tue Nov 30 08:28:38 MST 2021,d9729ac3-e36b-490a-81cc-55bc7d84f0b1,0d6f9408-3ea0-460f-b474-2d93ce1806bb,20,1,net.sf.javaml.distance.CosineDistance,0.348236162444231
Sun Nov 28 19:48:27 MST 2021,cfab4fce-9648-4747-92a3-c61e77eaad35,4ab97c60-4a75-42d1-92da-d927d549c0a5,3,10,net.sf.javaml.distance.CosineDistance,0.346749188948193
Mon Nov 29 10:07:59 MST 2021,1d2923ae-5ae2-40cc-88ef-a5d3d5c0ae31,54f66c56-c481-4ed4-98b4-d6e0bcd832f4,12,1,net.sf.javaml.distance.CosineDistance,0.344996012719269
Mon Nov 29 11:38:35 MST 2021,1d2923ae-5ae2-40cc-88ef-a5d3d5c0ae31,4bcfd62b-2d87-4fff-bca8-7e4e567a4400,4,5,net.sf.javaml.distance.CosineDistance,0.342414467206062
Tue Nov 30 08:28:21 MST 2021,d9729ac3-e36b-490a-81cc-55bc7d84f0b1,44b44a87-9e37-4262-9f6e-e0eb871ae373,13,10,net.sf.javaml.distance.CosineDistance,0.339508496497439
Tue Nov 30 08:29:04 MST 2021,d9729ac3-e36b-490a-81cc-55bc7d84f0b1,4d4be6b0-910a-4fc5-8e4c-e04a8d47ee08,17,20,net.sf.javaml.distance.CosineDistance,0.33857459824943
Mon Nov 29 10:05:15 MST 2021,1d2923ae-5ae2-40cc-88ef-a5d3d5c0ae31,7f7c68d9-dbd7-461b-979d-7b46f415fa94,13,1,net.sf.javaml.distance.CosineDistance,0.335168315872588
Tue Nov 30 08:28:46 MST 2021,d9729ac3-e36b-490a-81cc-55bc7d84f0b1,7e4a2604-6fbd-42e5-8580-25b63563700c,2,1,net.sf.javaml.distance.CosineDistance,0.333506351568427
Tue Nov 30 08:29:07 MST 2021,d9729ac3-e36b-490a-81cc-55bc7d84f0b1,3841be4b-a07b-433a-be47-58b9ecc03cdd,10,20,net.sf.javaml.distance.CosineDistance,0.332828679678887
Tue Nov 30 08:28:20 MST 2021,d9729ac3-e36b-490a-81cc-55bc7d84f0b1,fecb9392-a407-410f-89d3-561a422569bc,15,10,net.sf.javaml.distance.CosineDistance,0.332090161000753
Tue Nov 30 08:27:58 MST 2021,d9729ac3-e36b-490a-81cc-55bc7d84f0b1,59e8a707-0064-4acc-b6fb-ab1cb740df97,12,5,net.sf.javaml.distance.CosineDistance,0.331836345263706
Tue Nov 30 08:28:19 MST 2021,d9729ac3-e36b-490a-81cc-55bc7d84f0b1,4bfadbc3-0e93-44ba-97a6-c7e8d19786ea,16,10,net.sf.javaml.distance.CosineDistance,0.331320047673891
Mon Nov 29 09:59:58 MST 2021,1d2923ae-5ae2-40cc-88ef-a5d3d5c0ae31,e5209056-53ad-4a1a-a1b9-168922d1c928,15,1,net.sf.javaml.distance.CosineDistance,0.330461172432969
Tue Nov 30 08:29:04 MST 2021,d9729ac3-e36b-490a-81cc-55bc7d84f0b1,481e750a-8550-4b31-8b26-fe5a0c16b2ec,16,20,net.sf.javaml.distance.CosineDistance,0.330116522117035
Tue Nov 30 08:29:03 MST 2021,d9729ac3-e36b-490a-81cc-55bc7d84f0b1,d8f8267e-0c7f-492e-bb9a-8b09af126404,18,20,net.sf.javaml.distance.CosineDistance,0.328479318633368
Mon Nov 29 10:13:33 MST 2021,1d2923ae-5ae2-40cc-88ef-a5d3d5c0ae31,6e559b10-84d0-419a-bd61-7e02c2baeb3a,10,1,net.sf.javaml.distance.CosineDistance,0.326441962149313
Tue Nov 30 08:29:03 MST 2021,d9729ac3-e36b-490a-81cc-55bc7d84f0b1,c9164b89-4a0b-4f64-9a09-99e771789681,19,20,net.sf.javaml.distance.CosineDistance,0.323085594256968
Mon Nov 29 10:22:46 MST 2021,1d2923ae-5ae2-40cc-88ef-a5d3d5c0ae31,9f0fb9f1-4cad-4ea4-9dfe-01684a3dd25d,7,1,net.sf.javaml.distance.CosineDistance,0.320992624879369
Mon Nov 29 10:10:42 MST 2021,1d2923ae-5ae2-40cc-88ef-a5d3d5c0ae31,fbf7999e-3ca4-4eb1-b0c0-d25dfb488514,11,1,net.sf.javaml.distance.CosineDistance,0.320833503784027
Tue Nov 30 08:28:19 MST 2021,d9729ac3-e36b-490a-81cc-55bc7d84f0b1,a2f661ef-bc28-4be0-ae66-27afd79ec690,17,10,net.sf.javaml.distance.CosineDistance,0.319642389680918
Sun Nov 28 18:13:22 MST 2021,cfab4fce-9648-4747-92a3-c61e77eaad35,71a25bcc-c043-408e-ba17-7d25eb051375,4,5,net.sf.javaml.distance.CosineDistance,0.31921480588279
Mon Nov 29 10:19:44 MST 2021,1d2923ae-5ae2-40cc-88ef-a5d3d5c0ae31,40bb75d6-5404-4352-b316-c1c7cbcb31b4,8,1,net.sf.javaml.distance.CosineDistance,0.318251606529847
Tue Nov 30 08:27:55 MST 2021,d9729ac3-e36b-490a-81cc-55bc7d84f0b1,82883533-685d-44d5-a304-3756aeddc17d,19,5,net.sf.javaml.distance.CosineDistance,0.31562491573341
Mon Nov 29 11:04:55 MST 2021,1d2923ae-5ae2-40cc-88ef-a5d3d5c0ae31,3b392485-1548-406a-a17a-1b96f37434d0,14,5,net.sf.javaml.distance.CosineDistance,0.313371569198002
Sun Nov 28 19:28:54 MST 2021,cfab4fce-9648-4747-92a3-c61e77eaad35,a5d3ec65-6b73-417a-8af1-59146abb8717,6,10,net.sf.javaml.distance.CosineDistance,0.313015681852469
Mon Nov 29 10:02:31 MST 2021,1d2923ae-5ae2-40cc-88ef-a5d3d5c0ae31,57b97867-61ed-4c0c-99d4-48a95f08dd3d,14,1,net.sf.javaml.distance.CosineDistance,0.310449200162822
Sun Nov 28 18:20:43 MST 2021,cfab4fce-9648-4747-92a3-c61e77eaad35,2ad8777a-9c95-4132-9c97-1549168720fd,3,5,net.sf.javaml.distance.CosineDistance,0.307684345864493
Sun Nov 28 18:05:41 MST 2021,cfab4fce-9648-4747-92a3-c61e77eaad35,4037ab44-40ff-45b4-8858-8a6e952e0b69,5,5,net.sf.javaml.distance.CosineDistance,0.307145973013902
Mon Nov 29 12:13:30 MST 2021,1d2923ae-5ae2-40cc-88ef-a5d3d5c0ae31,ff417597-6464-41a0-86f0-96dd66cb23fe,13,10,net.sf.javaml.distance.CosineDistance,0.306725082887636
Tue Nov 30 08:28:20 MST 2021,d9729ac3-e36b-490a-81cc-55bc7d84f0b1,72504532-2586-42c9-998b-fbe5c6ac5895,14,10,net.sf.javaml.distance.CosineDistance,0.305472713742911
Sun Nov 28 18:48:54 MST 2021,cfab4fce-9648-4747-92a3-c61e77eaad35,718b0c0c-86ec-4c72-84be-8a02cf2193f0,16,10,net.sf.javaml.distance.CosineDistance,0.305030764721913
Sun Nov 28 17:36:54 MST 2021,cfab4fce-9648-4747-92a3-c61e77eaad35,6edc50e3-ac16-4fae-96cf-9a9f1c7d34d1,11,5,net.sf.javaml.distance.CosineDistance,0.304320768805568
Sun Nov 28 18:45:46 MST 2021,cfab4fce-9648-4747-92a3-c61e77eaad35,8171c5ec-fde7-431c-a3be-617402e2eaa1,17,10,net.sf.javaml.distance.CosineDistance,0.304112734926911
Sun Nov 28 17:44:44 MST 2021,cfab4fce-9648-4747-92a3-c61e77eaad35,99af5f43-d90e-4d64-87af-2837bb9ab72a,9,5,net.sf.javaml.distance.CosineDistance,0.304035060009943
Mon Nov 29 12:37:21 MST 2021,1d2923ae-5ae2-40cc-88ef-a5d3d5c0ae31,1cfd2c34-e4b9-4c36-b9dd-003d1ef755ae,6,10,net.sf.javaml.distance.CosineDistance,0.303448139814466
Tue Nov 30 08:27:56 MST 2021,d9729ac3-e36b-490a-81cc-55bc7d84f0b1,a528ec12-0b29-4e92-9396-098626d3afbe,17,5,net.sf.javaml.distance.CosineDistance,0.301587195591719
Mon Nov 29 11:17:01 MST 2021,1d2923ae-5ae2-40cc-88ef-a5d3d5c0ae31,8ec78ce1-de1a-4811-889e-467a52745de7,10,5,net.sf.javaml.distance.CosineDistance,0.300113582619316
Mon Nov 29 10:39:24 MST 2021,1d2923ae-5ae2-40cc-88ef-a5d3d5c0ae31,99bc48d5-7ee5-4ffa-9a18-78345ad1f162,3,1,net.sf.javaml.distance.CosineDistance,0.298851298975642
Mon Nov 29 10:56:46 MST 2021,1d2923ae-5ae2-40cc-88ef-a5d3d5c0ae31,594e77cd-f759-40ab-9a7a-14170e013a17,17,5,net.sf.javaml.distance.CosineDistance,0.296883503486109
Sun Nov 28 18:52:03 MST 2021,cfab4fce-9648-4747-92a3-c61e77eaad35,b1d8f273-16d5-4439-8ef1-bef048d793a2,15,10,net.sf.javaml.distance.CosineDistance,0.294895896908569
Mon Nov 29 11:02:19 MST 2021,1d2923ae-5ae2-40cc-88ef-a5d3d5c0ae31,7ae7e3c9-d47e-43b3-a1d6-81554cb756bb,15,5,net.sf.javaml.distance.CosineDistance,0.293965183812779
Mon Nov 29 11:20:53 MST 2021,1d2923ae-5ae2-40cc-88ef-a5d3d5c0ae31,808cd666-da69-4339-b89e-1e51d9edf395,9,5,net.sf.javaml.distance.CosineDistance,0.293776759430536
Mon Nov 29 09:57:22 MST 2021,1d2923ae-5ae2-40cc-88ef-a5d3d5c0ae31,7e38df9c-66d0-436c-921c-95b62d43f6f2,16,1,net.sf.javaml.distance.CosineDistance,0.293327432439081
Mon Nov 29 12:41:30 MST 2021,1d2923ae-5ae2-40cc-88ef-a5d3d5c0ae31,e84718db-0bc0-479a-9b5b-ae5069cd05ef,5,10,net.sf.javaml.distance.CosineDistance,0.292781449105413
Sun Nov 28 14:38:04 MST 2021,cfab4fce-9648-4747-92a3-c61e77eaad35,5bb73ac3-db74-4cf6-9df7-d13244881432,13,1,net.sf.javaml.distance.CosineDistance,0.291530317727295
Mon Nov 29 11:30:04 MST 2021,1d2923ae-5ae2-40cc-88ef-a5d3d5c0ae31,cf3eacf7-9103-433a-acfb-66340fe6845b,6,5,net.sf.javaml.distance.CosineDistance,0.290136416658959
Mon Nov 29 10:16:37 MST 2021,1d2923ae-5ae2-40cc-88ef-a5d3d5c0ae31,8b0affdb-843b-4558-8ce3-600aaed6618f,9,1,net.sf.javaml.distance.CosineDistance,0.290107169152433
Sun Nov 28 19:56:15 MST 2021,cfab4fce-9648-4747-92a3-c61e77eaad35,e86f8d4e-0d1d-42d1-89da-adf126c8630e,2,10,net.sf.javaml.distance.CosineDistance,0.290003190251012
Mon Nov 29 11:26:53 MST 2021,1d2923ae-5ae2-40cc-88ef-a5d3d5c0ae31,d215c975-6dc8-4dcb-9e8e-557f1fd56fe8,7,5,net.sf.javaml.distance.CosineDistance,0.289409957039288
Sun Nov 28 18:55:23 MST 2021,cfab4fce-9648-4747-92a3-c61e77eaad35,0c4f9f66-6227-4641-bb41-3e9e7ba0062d,14,10,net.sf.javaml.distance.CosineDistance,0.288278049234948
Mon Nov 29 09:52:00 MST 2021,1d2923ae-5ae2-40cc-88ef-a5d3d5c0ae31,8e77e192-1ef9-4910-a5a7-195b678d18d6,18,1,net.sf.javaml.distance.CosineDistance,0.288268258331604
Tue Nov 30 08:28:17 MST 2021,d9729ac3-e36b-490a-81cc-55bc7d84f0b1,d81d35f2-8208-4062-859c-d9fc9fcabd79,20,10,net.sf.javaml.distance.CosineDistance,0.286936674214294
Mon Nov 29 09:49:29 MST 2021,1d2923ae-5ae2-40cc-88ef-a5d3d5c0ae31,304e2bc5-7915-4306-8575-44f6341c5e99,19,1,net.sf.javaml.distance.CosineDistance,0.286521297528027
Mon Nov 29 11:23:50 MST 2021,1d2923ae-5ae2-40cc-88ef-a5d3d5c0ae31,c1785662-70e9-49d8-a144-007069c4720d,8,5,net.sf.javaml.distance.CosineDistance,0.286424830294664
Sun Nov 28 17:13:03 MST 2021,cfab4fce-9648-4747-92a3-c61e77eaad35,2fe6b05c-0a30-445c-8478-d5689d3ace52,17,5,net.sf.javaml.distance.CosineDistance,0.285923731972857
Sun Nov 28 20:09:45 MST 2021,cfab4fce-9648-4747-92a3-c61e77eaad35,01451b60-e1e0-4270-85af-a322074113fc,18,20,net.sf.javaml.distance.CosineDistance,0.285352986145219
Sun Nov 28 17:28:50 MST 2021,cfab4fce-9648-4747-92a3-c61e77eaad35,945acbf0-70e6-4235-9159-0d88242bb5a4,13,5,net.sf.javaml.distance.CosineDistance,0.285305253288826
Tue Nov 30 08:28:18 MST 2021,d9729ac3-e36b-490a-81cc-55bc7d84f0b1,3be1cabf-3f6e-4a67-b68e-f78590575502,19,10,net.sf.javaml.distance.CosineDistance,0.28428899302799
Mon Nov 29 12:33:12 MST 2021,1d2923ae-5ae2-40cc-88ef-a5d3d5c0ae31,974da890-0470-4e26-acaf-70d95830dd14,7,10,net.sf.javaml.distance.CosineDistance,0.283235768157928
Sun Nov 28 17:25:00 MST 2021,cfab4fce-9648-4747-92a3-c61e77eaad35,28cd7f1f-ee00-41fb-b695-e132a59ec296,14,5,net.sf.javaml.distance.CosineDistance,0.282730443565071
Mon Nov 29 11:07:58 MST 2021,1d2923ae-5ae2-40cc-88ef-a5d3d5c0ae31,49fb7a4c-9cc5-4d31-8e43-74f341a25601,13,5,net.sf.javaml.distance.CosineDistance,0.28228699090602
Mon Nov 29 10:30:08 MST 2021,1d2923ae-5ae2-40cc-88ef-a5d3d5c0ae31,8463f804-8d41-48d6-a7e5-547908f34ded,5,1,net.sf.javaml.distance.CosineDistance,0.281716291656826
Mon Nov 29 12:19:29 MST 2021,1d2923ae-5ae2-40cc-88ef-a5d3d5c0ae31,625a45a9-1244-4f92-a37c-5b2c59d9f63d,11,10,net.sf.javaml.distance.CosineDistance,0.280734445248323
Mon Nov 29 12:26:03 MST 2021,1d2923ae-5ae2-40cc-88ef-a5d3d5c0ae31,25bac758-d469-4936-9e7d-612a80e1f91e,9,10,net.sf.javaml.distance.CosineDistance,0.280196634586788
Sun Nov 28 14:47:36 MST 2021,cfab4fce-9648-4747-92a3-c61e77eaad35,5bdd3621-1887-4743-9e83-8a967b7c72c0,12,1,net.sf.javaml.distance.CosineDistance,0.279840100946199
Sun Nov 28 17:32:47 MST 2021,cfab4fce-9648-4747-92a3-c61e77eaad35,9106cf07-6187-4310-872c-f1673338d31f,12,5,net.sf.javaml.distance.CosineDistance,0.278657061291828
Mon Nov 29 10:26:26 MST 2021,1d2923ae-5ae2-40cc-88ef-a5d3d5c0ae31,97458c31-0c70-42a4-ba69-1fbcf58e1d1b,6,1,net.sf.javaml.distance.CosineDistance,0.277768670955788
Mon Nov 29 11:33:43 MST 2021,1d2923ae-5ae2-40cc-88ef-a5d3d5c0ae31,f7109096-d7e8-4824-9fbd-4c8c4624d2f5,5,5,net.sf.javaml.distance.CosineDistance,0.27726382973535
Mon Nov 29 09:54:48 MST 2021,1d2923ae-5ae2-40cc-88ef-a5d3d5c0ae31,8aceabe9-eabf-4009-99cf-5717ab8c65d5,17,1,net.sf.javaml.distance.CosineDistance,0.277079169111899
Tue Nov 30 08:27:57 MST 2021,d9729ac3-e36b-490a-81cc-55bc7d84f0b1,82cb08e9-015c-473f-af96-5c6905974dda,15,5,net.sf.javaml.distance.CosineDistance,0.276692030747483
Sun Nov 28 14:19:05 MST 2021,cfab4fce-9648-4747-92a3-c61e77eaad35,009ab9f0-c773-4de8-9f12-42771aba3e4c,15,1,net.sf.javaml.distance.CosineDistance,0.276194280571174
Sun Nov 28 17:40:42 MST 2021,cfab4fce-9648-4747-92a3-c61e77eaad35,3f1515dc-5b51-421f-b1df-c13a7c74518c,10,5,net.sf.javaml.distance.CosineDistance,0.275815735213437
Mon Nov 29 11:10:42 MST 2021,1d2923ae-5ae2-40cc-88ef-a5d3d5c0ae31,11b0e125-5b6d-4d88-9755-3cbfde912422,12,5,net.sf.javaml.distance.CosineDistance,0.273711306300146
Sun Nov 28 19:23:14 MST 2021,cfab4fce-9648-4747-92a3-c61e77eaad35,b6c5f1ea-f04c-4e97-8f93-d0606d4f5d2f,7,10,net.sf.javaml.distance.CosineDistance,0.273419702201225
Sun Nov 28 19:13:12 MST 2021,cfab4fce-9648-4747-92a3-c61e77eaad35,782fc432-80d6-4844-bf97-c28a414a4871,9,10,net.sf.javaml.distance.CosineDistance,0.271632388731329
Sun Nov 28 17:49:07 MST 2021,cfab4fce-9648-4747-92a3-c61e77eaad35,aa3010be-6be7-4e80-867a-b23dc36caaa9,8,5,net.sf.javaml.distance.CosineDistance,0.271516337437296
Sun Nov 28 19:02:25 MST 2021,cfab4fce-9648-4747-92a3-c61e77eaad35,685cfca9-1a88-41b8-a728-549adaba57d3,12,10,net.sf.javaml.distance.CosineDistance,0.271151859286704
Mon Nov 29 10:34:35 MST 2021,1d2923ae-5ae2-40cc-88ef-a5d3d5c0ae31,dbbeef04-1d93-4c1e-81d3-619f78e519bd,4,1,net.sf.javaml.distance.CosineDistance,0.270862637792347
Tue Nov 30 08:27:55 MST 2021,d9729ac3-e36b-490a-81cc-55bc7d84f0b1,0ba6ce79-14d2-4a50-8ebc-38f0c31ccf1a,20,5,net.sf.javaml.distance.CosineDistance,0.270577027266685
Sun Nov 28 19:34:56 MST 2021,cfab4fce-9648-4747-92a3-c61e77eaad35,f899089a-3a53-4678-ac2a-2340e926f9c1,5,10,net.sf.javaml.distance.CosineDistance,0.269908593189025
Sun Nov 28 15:18:36 MST 2021,cfab4fce-9648-4747-92a3-c61e77eaad35,43508eb2-15cc-4d6b-a28a-9d9e3285f5c7,9,1,net.sf.javaml.distance.CosineDistance,0.269253836586853
Mon Nov 29 10:59:27 MST 2021,1d2923ae-5ae2-40cc-88ef-a5d3d5c0ae31,909a8df4-2990-4e5e-a077-11745b4a929e,16,5,net.sf.javaml.distance.CosineDistance,0.268629208466108
Sun Nov 28 14:09:47 MST 2021,cfab4fce-9648-4747-92a3-c61e77eaad35,8e2ce82a-f162-4244-8647-73b3cbdcc2c7,16,1,net.sf.javaml.distance.CosineDistance,0.265200120907702
Sun Nov 28 16:27:31 MST 2021,cfab4fce-9648-4747-92a3-c61e77eaad35,1ff6a432-dabd-4267-b180-2d66ffac59ef,3,1,net.sf.javaml.distance.CosineDistance,0.264373476777788
Tue Nov 30 08:29:02 MST 2021,d9729ac3-e36b-490a-81cc-55bc7d84f0b1,0ea5194e-fc16-4758-b3b3-301973e5a788,20,20,net.sf.javaml.distance.CosineDistance,0.264268208800425
Sun Nov 28 17:21:11 MST 2021,cfab4fce-9648-4747-92a3-c61e77eaad35,353f55c4-0c2a-4165-a245-c27aac7be65a,15,5,net.sf.javaml.distance.CosineDistance,0.262728392694152
Sun Nov 28 19:05:39 MST 2021,cfab4fce-9648-4747-92a3-c61e77eaad35,42e9c1d2-44be-4b4e-8a6f-400d9553158c,11,10,net.sf.javaml.distance.CosineDistance,0.260435225681319
Mon Nov 29 12:02:13 MST 2021,1d2923ae-5ae2-40cc-88ef-a5d3d5c0ae31,1b8fd7a6-5e6b-4f8b-9b92-cd80d57e4273,17,10,net.sf.javaml.distance.CosineDistance,0.259741924994854
Sun Nov 28 17:54:10 MST 2021,cfab4fce-9648-4747-92a3-c61e77eaad35,8baab902-3054-400a-9cc0-362033b4f674,7,5,net.sf.javaml.distance.CosineDistance,0.259557940740657
Sun Nov 28 14:00:26 MST 2021,cfab4fce-9648-4747-92a3-c61e77eaad35,07a52504-70c4-4fd0-87fa-dd107fd7d6d7,17,1,net.sf.javaml.distance.CosineDistance,0.259298606794928
Mon Nov 29 09:46:49 MST 2021,1d2923ae-5ae2-40cc-88ef-a5d3d5c0ae31,ac8ff4a6-54fa-4c4d-833e-fbe23f05e550,20,1,net.sf.javaml.distance.CosineDistance,0.259222371956919
Sun Nov 28 20:16:09 MST 2021,cfab4fce-9648-4747-92a3-c61e77eaad35,3456cf71-7060-46cd-9614-8033f14e7b09,16,20,net.sf.javaml.distance.CosineDistance,0.258651885932875
Mon Nov 29 10:51:17 MST 2021,1d2923ae-5ae2-40cc-88ef-a5d3d5c0ae31,3196e767-37d3-4091-873b-49ff922bdde0,19,5,net.sf.javaml.distance.CosineDistance,0.258310334538984
Sun Nov 28 15:29:02 MST 2021,cfab4fce-9648-4747-92a3-c61e77eaad35,04dabb8d-55f3-4c5f-b092-83d0ee5848d1,8,1,net.sf.javaml.distance.CosineDistance,0.25775238420034
Sun Nov 28 15:39:21 MST 2021,cfab4fce-9648-4747-92a3-c61e77eaad35,1d2a6947-6035-4236-adde-33668333b74c,7,1,net.sf.javaml.distance.CosineDistance,0.256845786513241
Sun Nov 28 15:07:39 MST 2021,cfab4fce-9648-4747-92a3-c61e77eaad35,6471df81-2fed-4781-a331-315724915faa,10,1,net.sf.javaml.distance.CosineDistance,0.256590570006374
Mon Nov 29 12:10:40 MST 2021,1d2923ae-5ae2-40cc-88ef-a5d3d5c0ae31,ac2007ee-1fd8-4c16-88bc-388b97323324,14,10,net.sf.javaml.distance.CosineDistance,0.256043027967052
Sun Nov 28 20:19:36 MST 2021,cfab4fce-9648-4747-92a3-c61e77eaad35,4fe905cd-cf03-4974-9203-1b74ac16404f,15,20,net.sf.javaml.distance.CosineDistance,0.255804402308548
Sun Nov 28 16:01:57 MST 2021,cfab4fce-9648-4747-92a3-c61e77eaad35,18316be3-731f-49eb-900c-5c18021855d7,5,1,net.sf.javaml.distance.CosineDistance,0.255207565363936
Sun Nov 28 17:59:05 MST 2021,cfab4fce-9648-4747-92a3-c61e77eaad35,2e1b4b47-8591-4682-b884-8967367200a7,6,5,net.sf.javaml.distance.CosineDistance,0.25463469249479
Mon Nov 29 12:22:32 MST 2021,1d2923ae-5ae2-40cc-88ef-a5d3d5c0ae31,d61fb03e-4533-4d53-83d1-6d22f7f9143b,10,10,net.sf.javaml.distance.CosineDistance,0.254027951305309
Sun Nov 28 17:17:20 MST 2021,cfab4fce-9648-4747-92a3-c61e77eaad35,5fea8cdb-3ea7-41e7-ba1f-5c3f85d7e11a,16,5,net.sf.javaml.distance.CosineDistance,0.253819685919157
Sun Nov 28 19:17:30 MST 2021,cfab4fce-9648-4747-92a3-c61e77eaad35,61211dbb-0b13-4589-9bac-929709332033,8,10,net.sf.javaml.distance.CosineDistance,0.253186602148008
Sun Nov 28 14:57:18 MST 2021,cfab4fce-9648-4747-92a3-c61e77eaad35,4ee3dabc-2623-43bc-a6b1-1f60bdf580db,11,1,net.sf.javaml.distance.CosineDistance,0.253172614992361
Sun Nov 28 13:41:52 MST 2021,cfab4fce-9648-4747-92a3-c61e77eaad35,0e310e35-24a5-44f9-a904-038c77ebff8f,19,1,net.sf.javaml.distance.CosineDistance,0.252229823829686
Sun Nov 28 14:28:36 MST 2021,cfab4fce-9648-4747-92a3-c61e77eaad35,fa86e20e-6b6d-4e8a-af45-34f8c3112d9d,14,1,net.sf.javaml.distance.CosineDistance,0.252203932316234
Sun Nov 28 18:42:31 MST 2021,cfab4fce-9648-4747-92a3-c61e77eaad35,9513bf96-48d7-4fd8-bdc2-2d139f6c4621,18,10,net.sf.javaml.distance.CosineDistance,0.251138520181128
Mon Nov 29 12:29:29 MST 2021,1d2923ae-5ae2-40cc-88ef-a5d3d5c0ae31,0e8f1be8-4ecf-4a4f-b8c4-a36df8da813a,8,10,net.sf.javaml.distance.CosineDistance,0.250525900076596
Sun Nov 28 17:02:52 MST 2021,cfab4fce-9648-4747-92a3-c61e77eaad35,38511aec-c328-4ea2-955b-41fc616f9a3c,20,5,net.sf.javaml.distance.CosineDistance,0.24846586708131
Sun Nov 28 16:41:20 MST 2021,cfab4fce-9648-4747-92a3-c61e77eaad35,218398e7-854e-45a0-93c4-25ed4523d82f,2,1,net.sf.javaml.distance.CosineDistance,0.248340609869292
Sun Nov 28 13:51:13 MST 2021,cfab4fce-9648-4747-92a3-c61e77eaad35,8a75f67c-2e60-4011-9b2f-0ffc84158281,18,1,net.sf.javaml.distance.CosineDistance,0.248079454631202
Tue Nov 30 08:28:18 MST 2021,d9729ac3-e36b-490a-81cc-55bc7d84f0b1,a44c464e-0e81-42ba-aeaa-cfc10907028c,18,10,net.sf.javaml.distance.CosineDistance,0.247991201992707
Mon Nov 29 11:14:01 MST 2021,1d2923ae-5ae2-40cc-88ef-a5d3d5c0ae31,b19bd390-7286-41c0-84d7-f02dfab076c3,11,5,net.sf.javaml.distance.CosineDistance,0.247696208443139
Sun Nov 28 17:06:12 MST 2021,cfab4fce-9648-4747-92a3-c61e77eaad35,08cf64ae-8704-44c4-9562-e734f1ace564,19,5,net.sf.javaml.distance.CosineDistance,0.247478861715936
Sun Nov 28 19:41:08 MST 2021,cfab4fce-9648-4747-92a3-c61e77eaad35,e6743e13-8ac0-4818-b12e-4145eec33b2d,4,10,net.sf.javaml.distance.CosineDistance,0.247365512040357
Mon Nov 29 12:04:54 MST 2021,1d2923ae-5ae2-40cc-88ef-a5d3d5c0ae31,0f0e0727-8dc9-47eb-8923-697033793ea8,16,10,net.sf.javaml.distance.CosineDistance,0.246626167787872
Sun Nov 28 20:03:26 MST 2021,cfab4fce-9648-4747-92a3-c61e77eaad35,191e7f1f-0926-49a3-b0d3-4785aa4c6935,20,20,net.sf.javaml.distance.CosineDistance,0.244107838533631
Mon Nov 29 10:54:03 MST 2021,1d2923ae-5ae2-40cc-88ef-a5d3d5c0ae31,045369be-699d-4cb3-aece-c8981c488cea,18,5,net.sf.javaml.distance.CosineDistance,0.243370579345183
Tue Nov 30 08:27:56 MST 2021,d9729ac3-e36b-490a-81cc-55bc7d84f0b1,3e2d8a2a-89ac-4665-b8de-7ccf2500e8a3,18,5,net.sf.javaml.distance.CosineDistance,0.24261456958516
Mon Nov 29 12:16:32 MST 2021,1d2923ae-5ae2-40cc-88ef-a5d3d5c0ae31,e661463c-7ee0-4446-9f4c-3b74c0abfca3,12,10,net.sf.javaml.distance.CosineDistance,0.241226313104053
Sun Nov 28 15:50:41 MST 2021,cfab4fce-9648-4747-92a3-c61e77eaad35,4f1e7258-b274-44f5-87af-8c2fd099addd,6,1,net.sf.javaml.distance.CosineDistance,0.240307999450134
Mon Nov 29 11:53:44 MST 2021,1d2923ae-5ae2-40cc-88ef-a5d3d5c0ae31,50787aba-60ac-4dd8-bdb9-ce3c067790ff,20,10,net.sf.javaml.distance.CosineDistance,0.237512807709695
Sun Nov 28 19:09:16 MST 2021,cfab4fce-9648-4747-92a3-c61e77eaad35,7c2e46aa-4964-4284-9de2-43f9d589ce1b,10,10,net.sf.javaml.distance.CosineDistance,0.235912650836385
Sun Nov 28 13:32:29 MST 2021,cfab4fce-9648-4747-92a3-c61e77eaad35,3f2a7b58-34a3-446d-b24d-1d9f161c6697,20,1,net.sf.javaml.distance.CosineDistance,0.23470220258543
Sun Nov 28 20:06:33 MST 2021,cfab4fce-9648-4747-92a3-c61e77eaad35,bd9c43f3-a8ee-4121-b255-288080a9bc68,19,20,net.sf.javaml.distance.CosineDistance,0.23222421099004
Sun Nov 28 20:12:51 MST 2021,cfab4fce-9648-4747-92a3-c61e77eaad35,3746abbd-fef4-4793-95d0-84582716923e,17,20,net.sf.javaml.distance.CosineDistance,0.231782772065777
Sun Nov 28 18:36:38 MST 2021,cfab4fce-9648-4747-92a3-c61e77eaad35,56b3c7e5-aa5f-4327-8d4e-d93ef9cb48dd,20,10,net.sf.javaml.distance.CosineDistance,0.231753247514727
Sun Nov 28 18:58:32 MST 2021,cfab4fce-9648-4747-92a3-c61e77eaad35,fa5efd2b-d901-450d-885b-c41e75fb809d,13,10,net.sf.javaml.distance.CosineDistance,0.231157314405893
Mon Nov 29 11:56:28 MST 2021,1d2923ae-5ae2-40cc-88ef-a5d3d5c0ae31,ae39d94c-0d45-4acf-aa7c-4c8d74e0c798,19,10,net.sf.javaml.distance.CosineDistance,0.228489627252598
Mon Nov 29 11:59:11 MST 2021,1d2923ae-5ae2-40cc-88ef-a5d3d5c0ae31,e5889c94-dd99-4c77-83d4-b1bfd51d7336,18,10,net.sf.javaml.distance.CosineDistance,0.226943225980013
Sun Nov 28 17:09:32 MST 2021,cfab4fce-9648-4747-92a3-c61e77eaad35,22a0b9cb-11a9-4d81-9a47-80cd52618be8,18,5,net.sf.javaml.distance.CosineDistance,0.224781500668432
Sun Nov 28 18:39:37 MST 2021,cfab4fce-9648-4747-92a3-c61e77eaad35,0fe49fb0-9bff-4213-933a-b234c2d349c7,19,10,net.sf.javaml.distance.CosineDistance,0.224511948294118
Mon Nov 29 12:07:41 MST 2021,1d2923ae-5ae2-40cc-88ef-a5d3d5c0ae31,096acfae-acc5-414c-ba0b-5779e389e87f,15,10,net.sf.javaml.distance.CosineDistance,0.222780101631887
Mon Nov 29 10:48:34 MST 2021,1d2923ae-5ae2-40cc-88ef-a5d3d5c0ae31,7194b4ad-2e70-4322-aef6-7ffa983612e1,20,5,net.sf.javaml.distance.CosineDistance,0.219152958754174
Sun Nov 28 16:14:24 MST 2021,cfab4fce-9648-4747-92a3-c61e77eaad35,f7ec850a-7594-4edc-b234-6841e58a57c5,4,1,net.sf.javaml.distance.CosineDistance,0.214873522806891
